<moosrosconfig>
  <!--
    This section defines the interface between MOOS (a middleware system for robotics) and ROS (Robot Operating System).
    The <message> tags define how data is translated between MOOS variables and ROS topics.
    Each <message> has:
      - moosname: The name of the variable in MOOS
      - rosname: The name of the topic in ROS
      - moostype: The data type used in MOOS (in this case, Double)
      - rostype: The corresponding data type in ROS (in this case, std_msgs/Float64)
      - direction: The direction of data flow (either from MOOS to ROS or vice versa)
  -->

  <!-- NAV_Y in MOOS is mapped to the GZ_Y topic in ROS -->
  <message>
    <moosname>NAV_Y</moosname>
    <rosname>GZ_Y</rosname>
    <moostype>Double</moostype>
    <rostype>std_msgs/Float64</rostype>
    <direction>toMOOS</direction>
  </message>

  <!-- NAV_X in MOOS is mapped to the GZ_X topic in ROS -->
  <message>
    <moosname>NAV_X</moosname>
    <rosname>GZ_X</rosname>
    <moostype>Double</moostype>
    <rostype>std_msgs/Float64</rostype>
    <direction>toMOOS</direction>
  </message>

  <!-- NAV_Z in MOOS is mapped to the GZ_Z topic in ROS -->
  <message>
    <moosname>NAV_Z</moosname>
    <rosname>GZ_Z</rosname>
    <moostype>Double</moostype>
    <rostype>std_msgs/Float64</rostype>
    <direction>toMOOS</direction>
  </message>

  <!-- NAV_SPEED in MOOS is mapped to the GZ_Speed topic in ROS -->
  <message>
    <moosname>NAV_SPEED</moosname>
    <rosname>GZ_Speed</rosname>
    <moostype>Double</moostype>
    <rostype>std_msgs/Float64</rostype>
    <direction>toMOOS</direction>
  </message>

  <!-- NAV_DEPTH in MOOS is mapped to the GZ_Depth topic in ROS -->
  <message>
    <moosname>NAV_DEPTH</moosname>
    <rosname>GZ_Depth</rosname>
    <moostype>Double</moostype>
    <rostype>std_msgs/Float64</rostype>
    <direction>toMOOS</direction>
  </message>

  <!-- NAV_HEADING in MOOS is mapped to the GZ_Heading topic in ROS -->
  <message>
    <moosname>NAV_HEADING</moosname>
    <rosname>GZ_Heading</rosname>
    <moostype>Double</moostype>
    <rostype>std_msgs/Float64</rostype>
    <direction>toMOOS</direction>
  </message>

  <!-- NAV_YAW in MOOS is mapped to the GZaw topic in ROS -->
  <message>
    <moosname>NAV_YAW</moosname>
    <rosname>GZaw</rosname>
    <moostype>Double</moostype>
    <rostype>std_msgs/Float64</rostype>
    <direction>toMOOS</direction>
  </message>

  <!-- NAV_PITCH in MOOS is mapped to the GZ_Pitch topic in ROS -->
  <message>
    <moosname>NAV_PITCH</moosname>
    <rosname>GZ_Pitch</rosname>
    <moostype>Double</moostype>
    <rostype>std_msgs/Float64</rostype>
    <direction>toMOOS</direction>
  </message>

  <!-- CounterFromMOOS in MOOS is mapped to the CounterFromMOOS topic in ROS
       The type conversion from MOOS Double to ROS Int32 is specified -->
  <message>
    <moosname>CounterFromMOOS</moosname>
    <rosname>CounterFromMOOS</rosname>
    <moostype>Double</moostype>
    <rostype>std_msgs/Int32</rostype>
    <direction>toROS</direction>
  </message>

  <!-- DESIRED_HEADING in MOOS is mapped to the Heading topic in ROS -->
  <message> 
    <moosname>DESIRED_HEADING</moosname>
    <rosname>Heading</rosname>
    <moostype>Double</moostype>
    <rostype>std_msgs/Float64</rostype>
    <direction>toROS</direction>
  </message>

<!--   <message> 
    <moosname>DESIRED_RUDDER</moosname>
    <rosname>Heading</rosname>
    <moostype>Double</moostype>
    <rostype>std_msgs/Float64</rostype>
    <direction>toROS</direction>
  </message> -->


  <!-- DESIRED_ELEVATOR in MOOS is mapped to the Pitch topic in ROS -->
  <message>
    <moosname>DESIRED_DEPTH</moosname>
    <rosname>Pitch</rosname>
    <moostype>Double</moostype>
    <rostype>std_msgs/Float64</rostype>
    <direction>toROS</direction>
  </message>

  <!-- DESIRED_SPEED in MOOS is mapped to the Speed topic in ROS -->
  <message>
    <moosname>DESIRED_SPEED</moosname>
    <rosname>Speed</rosname>
    <moostype>Double</moostype>
    <rostype>std_msgs/Float64</rostype>
    <direction>toROS</direction>
  </message>

</moosrosconfig>